{"cameraMode":{"drawMode":0,"name":"Shaded","section":"Shading Mode"},"sceneLighting":false,"audioPlay":false,"sceneViewState":{"m_AlwaysRefresh":false,"showFog":true,"showSkybox":false,"showFlares":true,"showImageEffects":true,"showParticleSystems":true,"showVisualEffectGraphs":true,"m_FxEnabled":true},"in2DMode":false,"pivot":{"x":-3.209747076034546,"y":0.2794414758682251,"z":-4.170071601867676},"rotation":{"x":0.02047933079302311,"y":-0.9737985730171204,"z":0.20481328666210175,"w":0.09699443727731705},"size":0.4521750807762146,"orthographic":false}