{"cameraMode":{"drawMode":0,"name":"Shaded","section":"Shading Mode"},"sceneLighting":false,"audioPlay":false,"sceneViewState":{"m_AlwaysRefresh":true,"showFog":true,"showSkybox":false,"showFlares":true,"showImageEffects":true,"showParticleSystems":true,"showVisualEffectGraphs":true,"m_FxEnabled":true},"in2DMode":false,"pivot":{"x":4.8173747062683109,"y":0.09712617844343186,"z":-44.2778434753418},"rotation":{"x":0.17032970488071443,"y":0.3381352722644806,"z":-0.06236753612756729,"w":0.9234570264816284},"size":2.8482046127319338,"orthographic":false}