{"cameraMode":{"drawMode":0,"name":"Shaded","section":"Shading Mode"},"sceneLighting":false,"audioPlay":false,"sceneViewState":{"m_AlwaysRefresh":true,"showFog":true,"showSkybox":true,"showFlares":true,"showImageEffects":true,"showParticleSystems":true,"showVisualEffectGraphs":true,"m_FxEnabled":true},"in2DMode":false,"pivot":{"x":56.02497863769531,"y":1.0055696964263917,"z":-1.0438005924224854},"rotation":{"x":-0.011335841380059719,"y":0.7264552116394043,"z":0.01198869850486517,"w":0.6870220899581909},"size":2.365290403366089,"orthographic":false}