{"cameraMode":{"drawMode":0,"name":"Shaded","section":"Shading Mode"},"sceneLighting":true,"audioPlay":false,"sceneViewState":{"m_AlwaysRefresh":false,"showFog":true,"showSkybox":true,"showFlares":true,"showImageEffects":true,"showParticleSystems":true,"showVisualEffectGraphs":true,"m_FxEnabled":true},"in2DMode":false,"pivot":{"x":38.411983489990237,"y":0.46093106269836428,"z":-10.437435150146485},"rotation":{"x":0.15648065507411958,"y":0.16216827929019929,"z":-0.026088770478963853,"w":0.9739521741867065},"size":1.7762144804000855,"orthographic":false}