{"cameraMode":{"drawMode":0,"name":"Shaded","section":"Shading Mode"},"sceneLighting":false,"audioPlay":false,"sceneViewState":{"m_AlwaysRefresh":true,"showFog":true,"showSkybox":true,"showFlares":true,"showImageEffects":true,"showParticleSystems":true,"showVisualEffectGraphs":true,"m_FxEnabled":true},"in2DMode":false,"pivot":{"x":43.616695404052737,"y":1.6899672746658326,"z":8.414482116699219},"rotation":{"x":0.24901369214057923,"y":0.4105927050113678,"z":-0.11762501299381256,"w":0.8692450523376465},"size":1.7590842247009278,"orthographic":false}