{"cameraMode":{"drawMode":0,"name":"Shaded","section":"Shading Mode"},"sceneLighting":false,"audioPlay":false,"sceneViewState":{"m_AlwaysRefresh":false,"showFog":true,"showSkybox":false,"showFlares":true,"showImageEffects":true,"showParticleSystems":true,"showVisualEffectGraphs":true,"m_FxEnabled":true},"in2DMode":false,"pivot":{"x":0.7956233024597168,"y":1.0462305545806885,"z":-4.896420955657959},"rotation":{"x":0.006364036351442337,"y":-0.47423383593559267,"z":-0.003346487879753113,"w":-0.880407452583313},"size":1.7554570436477662,"orthographic":false}