{"cameraMode":{"drawMode":0,"name":"Shaded","section":"Shading Mode"},"sceneLighting":false,"audioPlay":false,"sceneViewState":{"m_AlwaysRefresh":false,"showFog":true,"showSkybox":false,"showFlares":true,"showImageEffects":true,"showParticleSystems":true,"showVisualEffectGraphs":true,"m_FxEnabled":true},"in2DMode":false,"pivot":{"x":-0.2529066801071167,"y":0.2670210301876068,"z":-2.3409032821655275},"rotation":{"x":-0.014589548110961914,"y":-0.9808164238929749,"z":0.08142118155956269,"w":-0.1766688972711563},"size":0.3157009780406952,"orthographic":false}