{"cameraMode":{"drawMode":0,"name":"Shaded","section":"Shading Mode"},"sceneLighting":false,"audioPlay":false,"sceneViewState":{"m_AlwaysRefresh":false,"showFog":true,"showSkybox":false,"showFlares":true,"showImageEffects":true,"showParticleSystems":true,"showVisualEffectGraphs":true,"m_FxEnabled":true},"in2DMode":false,"pivot":{"x":-12.52958869934082,"y":2.1870479583740236,"z":-7.4229044914245609},"rotation":{"x":-0.014589548110961914,"y":-0.9808164238929749,"z":0.08142118155956269,"w":-0.1766688972711563},"size":3.4654834270477297,"orthographic":false}