{"cameraMode":{"drawMode":0,"name":"Shaded","section":"Shading Mode"},"sceneLighting":false,"audioPlay":false,"sceneViewState":{"m_AlwaysRefresh":false,"showFog":true,"showSkybox":false,"showFlares":true,"showImageEffects":true,"showParticleSystems":true,"showVisualEffectGraphs":true,"m_FxEnabled":true},"in2DMode":false,"pivot":{"x":-4.524669170379639,"y":0.2273966670036316,"z":-4.115461826324463},"rotation":{"x":0.006364036351442337,"y":-0.47423383593559267,"z":-0.003346487879753113,"w":-0.880407452583313},"size":0.28132861852645876,"orthographic":false}