{"cameraMode":{"drawMode":0,"name":"Shaded","section":"Shading Mode"},"sceneLighting":false,"audioPlay":false,"sceneViewState":{"m_AlwaysRefresh":false,"showFog":true,"showSkybox":false,"showFlares":true,"showImageEffects":true,"showParticleSystems":true,"showVisualEffectGraphs":true,"m_FxEnabled":true},"in2DMode":false,"pivot":{"x":4.840376377105713,"y":-4.360000133514404,"z":10.092314720153809},"rotation":{"x":-0.002827464137226343,"y":0.5391516089439392,"z":-0.001723187044262886,"w":-0.8422420620918274},"size":1.1582146883010865,"orthographic":false}